query_id,total_relevant,P@10_VSM,R@10_VSM,AP_VSM,NDCG@10_VSM,RR_VSM,P@10_BM25,R@10_BM25,AP_BM25,NDCG@10_BM25,RR_BM25,AP_Diff (BM25 - VSM)
1,28,0.6,0.21428571428571427,0.31692773173066374,0.4425854741911793,1.0,0.3,0.10714285714285714,0.22852534923291087,0.26664379756251727,1.0,-0.08840238249775287
2,24,0.4,0.16666666666666666,0.22393521536116187,0.6954119878708854,1.0,0.5,0.20833333333333334,0.23353483021118146,0.6894805832105358,1.0,0.009599614850019589
3,8,0.7,0.875,0.6902777777777779,0.7388864036938405,0.5,0.7,0.875,0.6588010204081634,0.7403795971138045,0.5,-0.03147675736961453
4,2,0.1,0.5,0.5833333333333334,0.6131471927654584,1.0,0.1,0.5,0.5303030303030303,0.6131471927654584,1.0,-0.053030303030303094
5,4,0.2,0.5,0.26529799818016375,0.3839138364407793,0.5,0.3,0.75,0.41724137931034483,0.6075279821130648,0.5,0.15194338113018108
6,4,0.2,0.5,0.15390406162464984,0.2990112020128216,0.2,0.1,0.25,0.16925153335037055,0.16198704243977863,0.5,0.015347471725720707
7,5,0.2,0.4,0.14246191113660994,0.18542786387721596,0.25,0.2,0.4,0.17892252307068252,0.22039684962685735,0.3333333333333333,0.03646061193407257
8,11,0.2,0.18181818181818182,0.21870820127012075,0.3249007136011042,0.5,0.1,0.09090909090909091,0.1601236117694036,0.30604632813241633,1.0,-0.058584589500717155
9,3,0.3,1.0,1.0,1.0,1.0,0.3,1.0,0.9166666666666666,0.9674679834891693,1.0,-0.08333333333333337
10,8,0.1,0.125,0.20335586683464016,0.16318437943543912,1.0,0.1,0.125,0.14952082057839255,0.10295788030391283,0.5,-0.053835046256247604
11,7,0.3,0.42857142857142855,0.263282124741854,0.21302864881057348,0.5,0.2,0.2857142857142857,0.19225271717882553,0.17112907146376288,0.25,-0.07102940756302845
12,5,0.2,0.4,0.17898830827964687,0.28512732775800703,0.25,0.2,0.4,0.2795661157024793,0.26461181180833776,0.5,0.10057780742283243
13,4,0.0,0.0,0.004112295338983382,0.0,0.0036496350364963502,0.0,0.0,0.004112295338983382,0.0,0.0036496350364963502,0.0
14,2,0.1,0.5,0.5833333333333334,0.9596358141506395,1.0,0.1,0.5,0.5833333333333334,0.9596358141506395,1.0,0.0
15,2,0.2,1.0,0.6666666666666666,0.4938857448499013,1.0,0.2,1.0,1.0,0.7378264247076021,1.0,0.33333333333333337
16,3,0.1,0.3333333333333333,0.2019927536231884,0.1821252421493118,0.5,0.1,0.3333333333333333,0.19836293974225006,0.1821252421493118,0.5,-0.003629813880938332
17,2,0.1,0.5,0.5079365079365079,0.7871546029909718,1.0,0.1,0.5,0.10719424460431655,0.30451296789464855,0.2,-0.4007422633321914
18,3,0.1,0.3333333333333333,0.13435792349726774,0.23463936301137825,0.3333333333333333,0.1,0.3333333333333333,0.3600348043614215,0.4692787260227565,1.0,0.22567688086415374
19,9,0.1,0.1111111111111111,0.1344697958626021,0.3490538406154851,1.0,0.1,0.1111111111111111,0.07704280976386606,0.22022845364269883,0.5,-0.057426986098736046
20,9,0.5,0.5555555555555556,0.5921771130104463,0.5287324048297514,0.5,0.6,0.6666666666666666,0.5639296529233636,0.5966758057480421,0.5,-0.028247460087082676
21,4,0.2,0.5,0.21807218998230238,0.3511157930243258,0.3333333333333333,0.1,0.25,0.06505667778601433,0.08358430354074227,0.1,-0.15301551219628806
22,1,0.0,0.0,0.0007530120481927711,0.0,0.0007530120481927711,0.0,0.0,0.0007530120481927711,0.0,0.0007530120481927711,0.0
23,32,0.5,0.15625,0.26884627339490663,0.3167753485564435,0.5,0.5,0.15625,0.24207178768092869,0.35353298428307783,0.5,-0.026774485713977947
24,3,0.2,0.6666666666666666,0.4801587301587302,0.734985810997439,1.0,0.2,0.6666666666666666,0.3603603603603604,0.5753291852022475,0.5,-0.11979836979836977
25,9,0.3,0.3333333333333333,0.4254633605085663,0.35152534067883506,1.0,0.6,0.6666666666666666,0.7020933266838237,0.6900763534359792,1.0,0.2766299661752574
26,6,0.3,0.5,0.2643613242398409,0.4830000884808592,0.5,0.2,0.3333333333333333,0.23598102903792226,0.468875024830952,0.5,-0.02838029520191862
27,3,0.0,0.0,0.06763389116330293,0.0,0.058823529411764705,0.2,0.6666666666666666,0.13893450100346652,0.2989774825314111,0.14285714285714285,0.07130060984016359
28,2,0.0,0.0,0.006632989237865144,0.0,0.006896551724137931,0.0,0.0,0.004947793070716659,0.0,0.004081632653061225,-0.001685196167148485
29,9,0.4,0.4444444444444444,0.4377377232360469,0.48425311918704983,1.0,0.4,0.4444444444444444,0.4341601030771458,0.4130840718934389,1.0,-0.003577620158901118
30,7,0.0,0.0,0.05147482700918449,0.0,0.058823529411764705,0.1,0.14285714285714285,0.0810569890739817,0.12430488310538756,0.14285714285714285,0.02958216206479722
31,1,0.0,0.0,0.0008888888888888889,0.0,0.0008888888888888889,0.0,0.0,0.0009174311926605505,0.0,0.0009174311926605505,2.8542303771661578e-05
32,6,0.2,0.3333333333333333,0.12540686662158937,0.06445428059143268,0.3333333333333333,0.2,0.3333333333333333,0.10735423679627336,0.06331601310724913,0.25,-0.01805262982531601
33,3,0.3,1.0,0.5888888888888889,0.6589072019378878,0.5,0.3,1.0,0.6388888888888888,0.683286284108649,0.5,0.04999999999999993
34,6,0.4,0.6666666666666666,0.46279461279461276,0.4649689174610986,0.3333333333333333,0.3,0.5,0.3235042735042735,0.32527162640068813,0.3333333333333333,-0.13929033929033924
35,3,0.0,0.0,0.04318565543324104,0.0,0.05,0.0,0.0,0.033616058363643966,0.0,0.03571428571428571,-0.00956959706959707
36,2,0.1,0.5,0.06448412698412698,0.10642269850451405,0.125,0.1,0.5,0.5024570024570024,0.3373519727104165,1.0,0.43797287547287544
37,9,0.2,0.2222222222222222,0.18410903524761146,0.22374753912863812,0.125,0.0,0.0,0.08837102968297926,0.0,0.08333333333333333,-0.0957380055646322
38,10,0.1,0.1,0.0371952266017334,0.035048424720850443,0.125,0.0,0.0,0.05113867144864589,0.0,0.07692307692307693,0.01394344484691249
39,13,0.2,0.15384615384615385,0.19409704805033756,0.38484478233556985,1.0,0.2,0.15384615384615385,0.15351689121463807,0.2659208301967716,0.5,-0.04058015683569949
40,12,0.2,0.16666666666666666,0.06421233131132915,0.07340046485905652,0.16666666666666666,0.2,0.16666666666666666,0.11904981630914525,0.09906900315631795,0.3333333333333333,0.0548374849978161
41,3,0.3,1.0,0.7916666666666666,0.863557709796547,1.0,0.3,1.0,0.8333333333333334,0.8854120878660808,1.0,0.04166666666666674
42,5,0.3,0.6,0.22326183326183324,0.3956859757277974,0.2,0.3,0.6,0.1862629399585921,0.36779039680179115,0.16666666666666666,-0.03699889330324113
43,6,0.5,0.8333333333333334,0.6240714285714285,0.78815689157463,1.0,0.4,0.6666666666666666,0.5354385964912282,0.8528789066081007,1.0,-0.08863283208020034
44,3,0.0,0.0,0.0021882213085149386,0.0,0.0012135922330097086,0.0,0.0,0.0021882213085149386,0.0,0.0012135922330097086,0.0
45,12,0.2,0.16666666666666666,0.23097706065861398,0.41142534120339247,1.0,0.1,0.08333333333333333,0.2051258119434085,0.347318750845473,1.0,-0.02585124871520547
46,15,0.5,0.3333333333333333,0.29638778374505814,0.42374077447979497,0.5,0.6,0.4,0.38088622470810324,0.6449809625149692,1.0,0.0844984409630451
47,14,0.5,0.35714285714285715,0.3527343338267707,0.3577954992005145,0.3333333333333333,0.6,0.42857142857142855,0.4277035993954409,0.45924298457911633,0.5,0.07496926556867017
48,11,0.3,0.2727272727272727,0.1809455650048116,0.3888887088350006,0.5,0.3,0.2727272727272727,0.2275435233713071,0.4411579622533163,0.5,0.046597958366495495
49,2,0.1,0.5,0.1419491525423729,0.35583989829307827,0.25,0.1,0.5,0.13125,0.3196311965446524,0.2,-0.010699152542372886
50,6,0.1,0.16666666666666666,0.061707199015804154,0.23030401235885975,0.25,0.1,0.16666666666666666,0.10075698820525614,0.3373892798208238,0.5,0.03904978918945198
51,10,0.5,0.5,0.4927220077220077,0.5006604444446808,1.0,0.6,0.6,0.4999728940722513,0.41973362430130684,1.0,0.007250886350243624
52,4,0.4,1.0,0.7708333333333333,0.6521186996263962,1.0,0.4,1.0,0.5791666666666666,0.5974463423774453,0.5,-0.19166666666666665
53,10,0.2,0.2,0.23547271332896513,0.17375200665068735,1.0,0.2,0.2,0.28110086163824577,0.1666829188108014,1.0,0.045628148309280636
54,9,0.1,0.1111111111111111,0.09219709201546254,0.22536308550348808,0.3333333333333333,0.1,0.1111111111111111,0.14194932004923086,0.2843765520016381,0.5,0.04975222803376832
55,10,0.4,0.4,0.3659754378763,0.4287795489035158,1.0,0.4,0.4,0.3435020359063198,0.29398346123334784,0.5,-0.02247340196998021
56,10,0.2,0.2,0.14542459862573923,0.12692775044674134,0.25,0.2,0.2,0.14793442803098994,0.1399007870751711,0.5,0.002509829405250713
57,14,0.2,0.14285714285714285,0.10142446984382847,0.2840414983463287,0.25,0.1,0.07142857142857142,0.07959741238085856,0.25609558788943804,0.3333333333333333,-0.02182705746296991
58,9,0.3,0.3333333333333333,0.2346910567057709,0.23380790199511298,0.16666666666666666,0.1,0.1111111111111111,0.14096086189687307,0.15751652718763093,0.1111111111111111,-0.09373019480889783
59,4,0.1,0.25,0.1910425101214575,0.16198704243977863,0.5,0.2,0.5,0.32186903826731006,0.33095887069261837,1.0,0.13082652814585255
60,5,0.3,0.6,0.4197435897435898,0.40135327723454,1.0,0.3,0.6,0.35865196588308723,0.3107872627637887,0.5,-0.06109162386050254
61,5,0.3,0.6,0.547047619047619,0.6680082617193098,1.0,0.3,0.6,0.5469696969696971,0.5700154521942306,1.0,-7.79220779218992e-05
62,5,0.1,0.2,0.05396759364573546,0.03559803525469642,0.1111111111111111,0.0,0.0,0.03131161950166475,0.0,0.07692307692307693,-0.02265597414407071
63,3,0.0,0.0,0.035856430593272696,0.0,0.045454545454545456,0.0,0.0,0.04866871479774706,0.0,0.047619047619047616,0.012812284204474361
64,2,0.2,1.0,0.6428571428571428,0.8927111449616782,1.0,0.1,0.5,0.5333333333333333,0.7725384908322216,1.0,-0.10952380952380947
65,15,0.5,0.3333333333333333,0.3749276767510445,0.5405773193845937,1.0,0.5,0.3333333333333333,0.23758431907844368,0.3837647474621792,0.5,-0.1373433576726008
66,5,0.1,0.2,0.1865277777777778,0.17619576228078432,0.2,0.1,0.2,0.08946572826422639,0.1518198127606022,0.14285714285714285,-0.09706204951355141
67,14,0.7,0.5,0.6439796027106495,0.7088018099706086,1.0,0.6,0.42857142857142855,0.5183994039843086,0.611799820531754,1.0,-0.12558019872634085
68,5,0.1,0.2,0.0722157254996155,0.23469422678780313,0.25,0.1,0.2,0.06321493845435996,0.19411265551242066,0.16666666666666666,-0.009000787045255532
69,5,0.0,0.0,0.08623275397115368,0.0,0.08333333333333333,0.0,0.0,0.04117155158138765,0.0,0.07142857142857142,-0.045061202389766034
70,10,0.2,0.2,0.09894266881160925,0.14187504544291502,0.14285714285714285,0.2,0.2,0.09974556215667649,0.11161549108562273,0.16666666666666666,0.0008028933450672376
71,8,0.0,0.0,0.04447447802821082,0.0,0.07142857142857142,0.1,0.125,0.04832533832483825,0.1172133945431716,0.1111111111111111,0.0038508602966274286
72,17,0.2,0.11764705882352941,0.08990076092837321,0.11151404284910885,0.125,0.2,0.11764705882352941,0.13324818305755096,0.3487838535515526,1.0,0.04334742212917775
73,20,0.4,0.2,0.32359206923539086,0.40393536141160613,1.0,0.7,0.35,0.3625919422022354,0.6459715744507211,1.0,0.03899987296684454
74,6,0.1,0.16666666666666666,0.14451173826173827,0.1921875513030651,0.2,0.1,0.16666666666666666,0.10658599653164873,0.021364426193521538,0.1111111111111111,-0.03792574173008954
75,5,0.1,0.2,0.22666568689907068,0.23354705095134268,1.0,0.0,0.0,0.029193031183705503,0.0,0.0625,-0.19747265571536518
76,7,0.3,0.42857142857142855,0.34900004743654345,0.4393096878540932,1.0,0.2,0.2857142857142857,0.20545490222125878,0.33929372513008904,0.5,-0.14354514521528466
77,6,0.4,0.6666666666666666,0.5746031746031746,0.44377543841154804,1.0,0.3,0.5,0.3795674800745794,0.3434027975037357,1.0,-0.19503569452859515
78,3,0.3,1.0,0.8055555555555555,0.723072095276683,1.0,0.3,1.0,0.7555555555555555,0.7371032193119884,1.0,-0.04999999999999993
79,5,0.1,0.2,0.06732930585169392,0.13963767902663948,0.1,0.0,0.0,0.05608172642379393,0.0,0.05263157894736842,-0.011247579427899987
80,4,0.0,0.0,0.06673497971723824,0.0,0.09090909090909091,0.0,0.0,0.016007758824923005,0.0,0.025,-0.05072722089231524
81,2,0.2,1.0,0.3666666666666667,0.40322566909866775,0.3333333333333333,0.2,1.0,0.75,0.47726837038573167,1.0,0.3833333333333333
82,5,0.3,0.6,0.45535390199637027,0.5851645466138398,1.0,0.3,0.6,0.26351881293057766,0.43603213869333357,0.3333333333333333,-0.1918350890657926
83,4,0.1,0.25,0.10002088554720133,0.16812753627111748,0.25,0.1,0.25,0.10322827813801896,0.16812753627111748,0.25,0.0032073925908176343
84,11,0.4,0.36363636363636365,0.31233840469602525,0.26245694358563393,1.0,0.4,0.36363636363636365,0.4197884603622111,0.27403259643505073,1.0,0.10745005566618587
85,4,0.0,0.0,0.01985872898395679,0.0,0.030303030303030304,0.1,0.25,0.2627038019344733,0.13508318318204793,1.0,0.2428450729505165
86,2,0.2,1.0,0.75,0.8772153153380493,1.0,0.2,1.0,0.5833333333333333,0.6934264036172708,0.5,-0.16666666666666674
87,8,0.0,0.0,0.012979921301901641,0.0,0.014492753623188406,0.0,0.0,0.0114245995520106,0.0,0.018518518518518517,-0.0015553217498910418
88,6,0.6,1.0,0.7291666666666666,0.8931176858003901,1.0,0.6,1.0,0.6496031746031746,0.6962869581713046,0.5,-0.079563492063492
89,6,0.2,0.3333333333333333,0.20664365832614326,0.2758541710837898,0.3333333333333333,0.2,0.3333333333333333,0.20817644887412332,0.29632517953792237,0.25,0.0015327905479800563
90,13,0.5,0.38461538461538464,0.2759739985190249,0.32447390044216795,0.5,0.2,0.15384615384615385,0.19074245346887106,0.11467637817312386,0.5,-0.08523154505015382
91,9,0.4,0.4444444444444444,0.3539258498668499,0.48141575302509376,0.5,0.5,0.5555555555555556,0.45864481808585367,0.6499348567490739,1.0,0.10471896821900378
92,13,0.6,0.46153846153846156,0.5208709615447595,0.28820509422033297,0.5,0.6,0.46153846153846156,0.48901053309936693,0.22839182336836164,1.0,-0.03186042844539261
93,1,0.1,1.0,0.5,0.6309297535714574,0.5,0.1,1.0,0.5,0.6309297535714574,0.5,0.0
94,12,0.6,0.5,0.6195668653669792,0.33718203133404984,1.0,0.6,0.5,0.5737693527023212,0.31887451058915417,1.0,-0.045797512664658035
95,2,0.2,1.0,0.75,0.47726837038573167,1.0,0.2,1.0,0.45,0.41160199447634027,0.5,-0.3
96,13,0.5,0.38461538461538464,0.3381673490981892,0.2888749740768453,1.0,0.7,0.5384615384615384,0.4591562192652292,0.4856663474274693,0.5,0.12098887016704002
97,10,0.2,0.2,0.1049895882412488,0.1269082923178573,0.3333333333333333,0.3,0.3,0.190909959648306,0.25669484275571314,0.5,0.08592037140705722
98,5,0.0,0.0,0.019760121505683795,0.0,0.05,0.0,0.0,0.02462070407359742,0.0,0.045454545454545456,0.0048605825679136246
99,4,0.2,0.5,0.2593244136108358,0.48632439237954844,0.5,0.2,0.5,0.27286706349206347,0.5014223103815486,0.5,0.013542649881227664
100,9,0.2,0.2222222222222222,0.20325678008170345,0.344047790455851,0.5,0.3,0.3333333333333333,0.2243701439801935,0.3832956638634454,0.5,0.021113363898490056
101,6,0.5,0.8333333333333334,0.8555555555555555,0.7440253052423338,1.0,0.5,0.8333333333333334,0.7741013071895423,0.8398396942689723,1.0,-0.08145424836601323
102,4,0.2,0.5,0.5315920398009951,0.5838683836316082,1.0,0.3,0.75,0.42281215921483095,0.4782014217483263,1.0,-0.10877988058616417
103,2,0.0,0.0,0.02749922142634693,0.0,0.05263157894736842,0.0,0.0,0.03689771766694844,0.0,0.07142857142857142,0.009398496240601507
104,5,0.0,0.0,0.07225098884459295,0.0,0.058823529411764705,0.1,0.2,0.1713626173891369,0.21398626473452753,0.5,0.09911162854454396
105,5,0.3,0.6,0.5546757164404224,0.7943233365467345,1.0,0.3,0.6,0.5578125,0.7943233365467345,1.0,0.003136783559577694
106,5,0.2,0.4,0.3453716216216216,0.6589333500376675,1.0,0.3,0.6,0.48883371530430353,0.7582300096510285,1.0,0.14346209368268192
107,7,0.3,0.42857142857142855,0.3134924571259975,0.3835740442104163,0.5,0.4,0.5714285714285714,0.3685421604539251,0.4015148983088049,0.5,0.055049703327927635
108,7,0.5,0.7142857142857143,0.7364778079063792,0.6389688493137979,1.0,0.5,0.7142857142857143,0.8347247990105133,0.734528170350979,1.0,0.09824699110413415
109,5,0.0,0.0,0.034990084608939855,0.0,0.03571428571428571,0.0,0.0,0.03978040370478865,0.0,0.02631578947368421,0.004790319095848795
110,4,0.2,0.5,0.35064102564102567,0.7325724067406906,1.0,0.1,0.25,0.15456244455110024,0.35855584499842125,0.5,-0.19607858108992543
111,7,0.3,0.42857142857142855,0.3002860235003092,0.23152325943850138,0.25,0.2,0.2857142857142857,0.30598290598290595,0.1460657007663035,0.5,0.0056968824825967546
112,2,0.1,0.5,0.28125,0.17376534287144002,0.5,0.1,0.5,0.3125,0.17376534287144002,0.5,0.03125
113,4,0.0,0.0,0.059000074704915584,0.0,0.08333333333333333,0.1,0.25,0.14039938556067588,0.19519002499605084,0.3333333333333333,0.0813993108557603
114,4,0.1,0.25,0.10460164835164834,0.2908858019322103,0.25,0.1,0.25,0.08683198199281958,0.2908858019322103,0.25,-0.017769666358828762
115,4,0.0,0.0,0.01268738004389577,0.0,0.03333333333333333,0.1,0.25,0.04907600544721669,0.1868146984506816,0.16666666666666666,0.036388625403320926
116,5,0.1,0.2,0.0769010245264519,0.0747321906848751,0.3333333333333333,0.1,0.2,0.061977573447922096,0.064370805322893,0.25,-0.014923451078529798
117,2,0.0,0.0,0.03684922244759973,0.0,0.034482758620689655,0.0,0.0,0.03666666666666667,0.0,0.03333333333333333,-0.00018255578093306218
118,3,0.1,0.3333333333333333,0.22016806722689075,0.42495889834839423,0.5,0.2,0.6666666666666666,0.22454068241469816,0.4017491573701339,0.25,0.004372615187807405
119,1,0.1,1.0,1.0,1.0,1.0,0.1,1.0,1.0,1.0,1.0,0.0
120,9,0.5,0.5555555555555556,0.48397758309857153,0.5742211285900285,0.5,0.4,0.4444444444444444,0.4304207960203618,0.449711473461381,0.5,-0.05355678707820971
121,7,0.3,0.42857142857142855,0.5167073667073667,0.4038305289814455,1.0,0.4,0.5714285714285714,0.5260116694899304,0.4658554609527688,0.5,0.009304302782563667
122,9,0.4,0.4444444444444444,0.244215691555947,0.15767083962926853,0.25,0.5,0.5555555555555556,0.336501553106039,0.21219468323196292,0.3333333333333333,0.09228586155009202
123,2,0.1,0.5,0.16346153846153846,0.3390090350877799,0.25,0.0,0.0,0.10795454545454546,0.0,0.09090909090909091,-0.05550699300699301
124,4,0.0,0.0,0.004890008524903517,0.0,0.007575757575757576,0.0,0.0,0.00463747095948232,0.0,0.007462686567164179,-0.00025253756542119657
125,17,0.3,0.17647058823529413,0.2907659744723641,0.31568829163856127,1.0,0.3,0.17647058823529413,0.23822002279109167,0.2988422537363188,0.5,-0.05254595168127241
126,8,0.2,0.25,0.16581166393245528,0.4306168300504756,0.5,0.2,0.25,0.22240541631138908,0.571145328024037,1.0,0.0565937523789338
127,5,0.1,0.2,0.1786823425022183,0.13781739283713698,0.5,0.1,0.2,0.11846618633644339,0.09407500605853816,0.25,-0.0602161561657749
128,2,0.0,0.0,0.02061599602583209,0.0,0.030303030303030304,0.0,0.0,0.016608391608391608,0.0,0.02564102564102564,-0.004007604417440483
129,7,0.3,0.42857142857142855,0.2924374547420167,0.3907535418407065,0.5,0.4,0.5714285714285714,0.38528639525985836,0.5211872745568426,0.5,0.09284894051784165
130,5,0.4,0.8,0.42440087145969485,0.5733191485592743,0.5,0.3,0.6,0.45121159328476407,0.5419171693911814,1.0,0.026810721825069217
131,8,0.3,0.375,0.2921717171717172,0.20625455298700224,0.16666666666666666,0.3,0.375,0.30850018037518034,0.12222012918803267,0.16666666666666666,0.01632846320346315
132,15,0.8,0.5333333333333333,0.66804322991823,0.5177864072925873,0.5,0.8,0.5333333333333333,0.7137399637399638,0.3306647042664009,1.0,0.04569673382173389
133,7,0.2,0.2857142857142857,0.20397129186602875,0.24092835642398416,0.2,0.3,0.42857142857142855,0.3378114882316563,0.2690851977536719,0.3333333333333333,0.13384019636562755
134,2,0.1,0.5,0.18382352941176472,0.14528958646619142,0.25,0.1,0.5,0.27325581395348836,0.2128453970090281,0.5,0.08943228454172364
135,8,0.3,0.375,0.5987398018648018,0.11869184087894293,1.0,0.5,0.625,0.7219020562770562,0.1548296130363452,1.0,0.12316225441225437
136,3,0.1,0.3333333333333333,0.1626984126984127,0.46494530163950826,0.3333333333333333,0.2,0.6666666666666666,0.45982142857142855,0.9505548389074392,1.0,0.2971230158730158
137,4,0.2,0.5,0.24107142857142858,0.1915668798157464,0.25,0.2,0.5,0.23440934065934066,0.24756817172970383,0.5,-0.006662087912087916
138,2,0.1,0.5,0.11490683229813664,0.20438239758848611,0.14285714285714285,0.1,0.5,0.1527777777777778,0.2640681225725909,0.25,0.03787094547964115
139,4,0.0,0.0,0.008845006352873025,0.0,0.015873015873015872,0.0,0.0,0.01061825816633569,0.0,0.011764705882352941,0.0017732518134626653
140,6,0.1,0.16666666666666666,0.08662029165511059,0.14917128830097404,0.125,0.2,0.3333333333333333,0.18425645791693754,0.46677934694662554,0.5,0.09763616626182695
141,6,0.2,0.3333333333333333,0.15127756055175412,0.15728173086363278,0.25,0.2,0.3333333333333333,0.1404266697515643,0.21211669707756411,0.2,-0.010850890800189833
142,1,0.0,0.0,0.043478260869565216,0.0,0.043478260869565216,0.0,0.0,0.07692307692307693,0.0,0.07692307692307693,0.03344481605351171
143,2,0.2,1.0,0.5,0.6509209298071325,0.5,0.2,1.0,0.6666666666666666,0.8315546295836225,1.0,0.16666666666666663
144,6,0.5,0.8333333333333334,0.7159090909090908,0.8066975967128548,1.0,0.4,0.6666666666666666,0.38089225589225584,0.44973943366682134,0.3333333333333333,-0.335016835016835
145,7,0.5,0.7142857142857143,0.5829305117371758,0.7334869880487584,1.0,0.4,0.5714285714285714,0.2640563801278087,0.44409141298898125,0.3333333333333333,-0.3188741316093671
146,2,0.2,1.0,0.5833333333333333,0.5560235859070419,0.5,0.2,1.0,0.5833333333333333,0.5560235859070419,0.5,0.0
147,10,0.2,0.2,0.2381005225439337,0.22918388965748276,0.5,0.4,0.4,0.2728527350445199,0.43099008451345455,0.5,0.03475221250058619
148,6,0.3,0.5,0.446547362202702,0.6705224014591489,1.0,0.2,0.3333333333333333,0.23677113808486352,0.42936486522304446,0.5,-0.2097762241178385
149,11,0.4,0.36363636363636365,0.3574636797545969,0.45449827622138,1.0,0.4,0.36363636363636365,0.36569470834176715,0.4422195942380129,1.0,0.00823102858717023
150,2,0.2,1.0,0.5833333333333333,0.6934264036172708,0.5,0.2,1.0,0.8333333333333333,0.9197207891481876,1.0,0.25
151,5,0.1,0.2,0.0590869303180601,0.021918535797549137,0.1111111111111111,0.0,0.0,0.031667742346016596,0.0,0.043478260869565216,-0.027419187972043506
152,6,0.1,0.16666666666666666,0.040327152231802575,0.2045117140099462,0.1,0.0,0.0,0.021406183146357113,0.0,0.043478260869565216,-0.018920969085445462
153,7,0.3,0.42857142857142855,0.2789693264217669,0.3172668330170903,0.5,0.3,0.42857142857142855,0.31675127221909066,0.2923803504426916,0.5,0.037781945797323746
154,2,0.2,1.0,0.5833333333333333,0.606422698504514,0.5,0.2,1.0,0.8333333333333333,0.7309292742059024,1.0,0.25
155,6,0.3,0.5,0.3536096397934643,0.21074543103872143,1.0,0.2,0.3333333333333333,0.15958941125121004,0.09246748944696441,0.5,-0.19402022854225429
156,14,0.7,0.5,0.5691567706806798,0.41704298998546957,1.0,0.7,0.5,0.5078577818300414,0.33216019870956076,1.0,-0.06129898885063845
157,39,0.7,0.1794871794871795,0.4410248463290321,0.5029238078416615,1.0,0.4,0.10256410256410256,0.3536511347608549,0.43079567426796506,1.0,-0.08737371156817719
158,8,0.2,0.25,0.28031310833993744,0.5757150178775998,1.0,0.3,0.375,0.3917937436069186,0.7598351620567733,1.0,0.11148063526698115
159,8,0.2,0.25,0.10038683989848503,0.1693741538935402,0.3333333333333333,0.2,0.25,0.08282010627784928,0.1383713423295765,0.2,-0.017566733620635752
160,5,0.1,0.2,0.04482141190946428,0.12524966424266723,0.1111111111111111,0.1,0.2,0.12055130549391013,0.2625111813898523,0.5,0.07572989358444585
161,6,0.3,0.5,0.5143217893217893,0.6914912669026401,1.0,0.3,0.5,0.5346846846846847,0.7970056658813897,1.0,0.020362895362895372
162,8,0.1,0.125,0.17610214540361602,0.09691295243472908,0.5,0.2,0.25,0.2563718473626595,0.11833582019363606,0.5,0.08026970195904348
163,3,0.2,0.6666666666666666,0.28362573099415206,0.4367467095119259,0.3333333333333333,0.2,0.6666666666666666,0.2981859410430839,0.4367467095119259,0.3333333333333333,0.014560210048931821
164,8,0.4,0.5,0.42155026990553307,0.5008364395440653,0.5,0.4,0.5,0.43604129347663834,0.6566398770962564,1.0,0.014491023571105266
165,2,0.2,1.0,0.39285714285714285,0.5912352048230277,0.5,0.2,1.0,0.5833333333333333,0.6934264036172708,0.5,0.1904761904761904
166,8,0.0,0.0,0.021371548145597326,0.0,0.022727272727272728,0.1,0.125,0.04023133196496971,0.07311683844390994,0.1,0.018859783819372384
167,2,0.0,0.0,0.08834586466165413,0.0,0.07142857142857142,0.2,1.0,0.5,0.6419288461539238,0.5,0.4116541353383459
168,2,0.2,1.0,0.2777777777777778,0.4911492931622974,0.3333333333333333,0.1,0.5,0.11666666666666667,0.21840743681816416,0.16666666666666666,-0.16111111111111112
169,4,0.2,0.5,0.2006578947368421,0.29127873064148246,0.25,0.2,0.5,0.3350013547381968,0.44149241373678083,0.5,0.13434346000135472
170,6,0.5,0.8333333333333334,0.5059000861326443,0.6446265544665443,0.5,0.4,0.6666666666666666,0.627392623716153,0.7712913250456773,1.0,0.12149253758350875
171,3,0.3,1.0,0.6333333333333333,0.8303959783349163,1.0,0.3,1.0,0.6388888888888888,0.6579125942248476,0.5,0.005555555555555536
172,4,0.4,1.0,0.6791666666666667,0.681856085855044,0.5,0.4,1.0,0.8875,0.8993806009182097,1.0,0.20833333333333326
173,2,0.1,0.5,0.55,0.6131471927654584,1.0,0.2,1.0,0.75,0.8772153153380493,1.0,0.19999999999999996
174,5,0.2,0.4,0.1547341140638941,0.3902081133957599,0.5,0.1,0.2,0.07346407361482739,0.15108234058960404,0.16666666666666666,-0.0812700404490667
175,5,0.0,0.0,0.04563544982149634,0.0,0.09090909090909091,0.0,0.0,0.05139794059973708,0.0,0.08333333333333333,0.005762490778240745
176,7,0.0,0.0,0.0637126130245851,0.0,0.07692307692307693,0.1,0.14285714285714285,0.10625257233378424,0.1829865989798594,0.3333333333333333,0.04253995930919914
177,5,0.4,0.8,0.8102564102564103,0.8896733258464832,1.0,0.5,1.0,0.8142857142857143,0.9443873743399379,1.0,0.004029304029304015
178,4,0.3,0.75,0.5456730769230769,0.9188488566105624,1.0,0.3,0.75,0.5714285714285714,0.9340628265339531,1.0,0.025755494505494525
179,4,0.2,0.5,0.29447368421052633,0.4144299250118475,0.5,0.2,0.5,0.3419780927835051,0.4414924137367808,0.5,0.047504408572978774
180,7,0.3,0.42857142857142855,0.39778374507697806,0.41901856367835133,0.5,0.3,0.42857142857142855,0.44385026737967914,0.32486456417873,0.5,0.046066522302701085
181,5,0.1,0.2,0.25298603931335506,0.17272055701308803,1.0,0.1,0.2,0.26672423500787035,0.17272055701308803,1.0,0.013738195694515287
182,2,0.2,1.0,0.5833333333333333,0.6490311418890105,0.5,0.2,1.0,0.5833333333333333,0.6490311418890105,0.5,0.0
183,13,0.7,0.5384615384615384,0.57293834180661,0.3936979912671368,1.0,0.6,0.46153846153846156,0.647321818028864,0.6106630597470657,1.0,0.07438347622225405
184,7,0.0,0.0,0.10267940079970155,0.0,0.07692307692307693,0.3,0.42857142857142855,0.34193191162748876,0.4198753111495167,1.0,0.2392525108277872
185,9,0.6,0.6666666666666666,0.7929639804639804,0.7555150150872524,1.0,0.6,0.6666666666666666,0.7560846560846559,0.7728493755982864,1.0,-0.03687932437932451
186,16,0.5,0.3125,0.28657585927038237,0.5933607200949345,1.0,0.4,0.25,0.16244730319273887,0.3312392961638527,0.3333333333333333,-0.1241285560776435
187,6,0.2,0.3333333333333333,0.1012681665224038,0.14139195151428763,0.14285714285714285,0.2,0.3333333333333333,0.1703171817309079,0.24192817915917278,0.5,0.06904901520850411
188,11,0.4,0.36363636363636365,0.4730873099306322,0.5470388250064133,1.0,0.5,0.45454545454545453,0.4095751394990939,0.5771136089084341,1.0,-0.06351217043153828
189,9,0.1,0.1111111111111111,0.1747748048367591,0.07251581640177526,0.3333333333333333,0.2,0.2222222222222222,0.14776643209324825,0.11856761871546012,0.25,-0.027008372743510867
190,5,0.3,0.6,0.3597619047619048,0.39566523596138564,0.3333333333333333,0.2,0.4,0.4435143288084464,0.3452069805879693,1.0,0.0837524240465416
191,13,0.7,0.5384615384615384,0.6231745662092755,0.2528086569451961,1.0,0.3,0.23076923076923078,0.37505392955409306,0.18790780061341525,0.2,-0.2481206366551824
192,4,0.3,0.75,0.4654761904761905,0.592512031964586,0.5,0.3,0.75,0.5054824561403508,0.6096199500078983,0.5,0.04000626566416032
193,9,0.7,0.7777777777777778,0.6840243048005605,0.7152846378779236,1.0,0.8,0.8888888888888888,0.8320081049481798,0.8528440229036885,1.0,0.14798380014761925
194,6,0.3,0.5,0.27977728100678917,0.18670025233313772,0.25,0.2,0.3333333333333333,0.230082612755247,0.2053397932647429,0.3333333333333333,-0.04969466825154217
195,3,0.1,0.3333333333333333,0.1008852258852259,0.14804095548293264,0.125,0.1,0.3333333333333333,0.1451417004048583,0.20210734650054762,0.25,0.0442564745196324
196,12,0.3,0.25,0.21012036597293818,0.29768991515514215,1.0,0.3,0.25,0.15608375729979226,0.2847982998248149,0.5,-0.054036608673145914
197,3,0.3,1.0,0.8333333333333334,0.8164439423782777,1.0,0.2,0.6666666666666666,0.6143790849673202,0.6254336383564085,1.0,-0.21895424836601318
198,4,0.2,0.5,0.4178571428571428,0.5989417232483166,1.0,0.3,0.75,0.4721057046979866,0.6762565859555617,1.0,0.054248561840843756
199,8,0.2,0.25,0.1266532894574457,0.11618927103816473,0.2,0.1,0.125,0.11540608523070588,0.0740326821668751,0.25,-0.011247204226739818
200,3,0.1,0.3333333333333333,0.25656565656565655,0.2960819109658653,0.5,0.2,0.6666666666666666,0.2518518518518518,0.37590633587120725,0.3333333333333333,-0.004713804713804726
201,16,0.3,0.1875,0.24149448591518122,0.4477400216354106,1.0,0.4,0.25,0.31978210224909254,0.5840101390948649,1.0,0.07828761633391132
202,14,0.4,0.2857142857142857,0.2447095051814668,0.20448740662277257,0.3333333333333333,0.3,0.21428571428571427,0.20647821155339668,0.18787585841474835,0.5,-0.03823129362807012
203,14,0.2,0.14285714285714285,0.1027969266537281,0.17825987588729,0.2,0.2,0.14285714285714285,0.135621161694293,0.25833009348557023,0.5,0.032824235040564906
204,14,0.2,0.14285714285714285,0.09199510236707399,0.2878577572915464,0.3333333333333333,0.0,0.0,0.04281791114477902,0.0,0.05555555555555555,-0.04917719122229497
205,2,0.2,1.0,0.5,0.6509209298071325,0.5,0.2,1.0,0.8333333333333333,0.9197207891481876,1.0,0.33333333333333326
206,3,0.2,0.6666666666666666,0.10993077742279021,0.3276201146339025,0.125,0.2,0.6666666666666666,0.279887482419128,0.5349710957202363,0.5,0.16995670499633775
207,5,0.2,0.4,0.3432900432900433,0.3499193721407675,1.0,0.2,0.4,0.19354075989370106,0.364471109458958,0.5,-0.14974928339634225
208,6,0.6,1.0,0.6746031746031745,0.7499815954612012,0.5,0.6,1.0,0.7027777777777778,0.764287592786959,0.5,0.028174603174603297
209,12,0.4,0.3333333333333333,0.2151759207738703,0.16245256366180313,0.25,0.1,0.08333333333333333,0.14228382932618003,0.08177382636698088,0.3333333333333333,-0.07289209144769027
210,6,0.2,0.3333333333333333,0.3300423941998876,0.4923651383256984,1.0,0.2,0.3333333333333333,0.34854700854700854,0.4923651383256984,1.0,0.018504614347120918
211,11,0.2,0.18181818181818182,0.1543928043928044,0.037394245322898756,0.14285714285714285,0.1,0.09090909090909091,0.15467104094979486,0.017039700334881717,0.1,0.0002782365569904688
212,14,0.5,0.35714285714285715,0.45150882633772665,0.594489461582512,1.0,0.5,0.35714285714285715,0.4813309347385681,0.5601893701402971,1.0,0.02982210840084143
213,11,0.6,0.5454545454545454,0.5140428577270681,0.6800108177764372,1.0,0.5,0.45454545454545453,0.5732853258425169,0.5484772713719224,1.0,0.059242468115448754
214,4,0.1,0.25,0.1556232460895528,0.24630238874072996,0.5,0.1,0.25,0.16847670993279942,0.24630238874072996,0.5,0.01285346384324662
215,2,0.0,0.0,0.042222222222222223,0.0,0.04,0.0,0.0,0.04895833333333333,0.0,0.06666666666666667,0.006736111111111109
216,1,0.0,0.0,0.0024691358024691358,0.0,0.0024691358024691358,0.0,0.0,0.002688172043010753,0.0,0.002688172043010753,0.00021903624054161715
217,15,0.4,0.26666666666666666,0.39743280017281185,0.6016522944494985,1.0,0.4,0.26666666666666666,0.3370450870700069,0.39344323240973283,1.0,-0.06038771310280494
218,15,0.3,0.2,0.3103114567306256,0.24578281773801605,1.0,0.5,0.3333333333333333,0.2778988205598153,0.3529188028548839,0.5,-0.032412636170810305
219,18,0.2,0.1111111111111111,0.08843468275488614,0.10640814985097757,0.3333333333333333,0.0,0.0,0.041440719696214975,0.0,0.041666666666666664,-0.046993963058671165
220,19,0.4,0.21052631578947367,0.19925435802096358,0.15316515897489372,0.25,0.3,0.15789473684210525,0.24386139051778086,0.19580812190842004,1.0,0.04460703249681727
221,18,0.4,0.2222222222222222,0.23681223503664947,0.26141484093705925,1.0,0.4,0.2222222222222222,0.2587409234805513,0.2927567345768912,1.0,0.021928688443901806
222,9,0.6,0.6666666666666666,0.6546206209249688,0.7128612258858326,1.0,0.6,0.6666666666666666,0.7448327643449596,0.7568140754888656,1.0,0.09021214341999084
223,4,0.2,0.5,0.4637739386634525,0.5855700749881525,1.0,0.3,0.75,0.4666666666666667,0.592512031964586,0.5,0.0028927280032141622
224,8,0.1,0.125,0.12065252626693306,0.08042147011634869,0.1111111111111111,0.1,0.125,0.1409884489333642,0.09516229633545473,0.16666666666666666,0.020335922666431153
225,24,0.2,0.08333333333333333,0.09734462262673173,0.09618540964239655,0.5,0.3,0.125,0.09810704970594471,0.1391831086858949,0.5,0.0007624270792129795
